name,extension,size_bytes,path
ext_interpreter.html,.html,18352,development\ext_interpreter.html
ext_libs.html,.html,44305,development\ext_libs.html
index.html,.html,16187,development\index.html
10minutes.html,.html,74161,getting_started\10minutes.html
10minutes_meta.html,.html,55821,getting_started\10minutes_meta.html
index.html,.html,14828,getting_started\index.html
interpreter.html,.html,15416,getting_started\interpreter.html
intro_py.html,.html,97031,getting_started\intro_py.html
script_editor.html,.html,25299,getting_started\script_editor.html
guitk_api.html,.html,12292,reference\guitk_api.html
index.html,.html,16243,reference\index.html
index.html,.html,14291,release_notes\index.html
new_py.html,.html,18477,release_notes\new_py.html
whats_new.html,.html,41943,release_notes\whats_new.html
index.html,.html,17806,user_guide\index.html
conda_channel_setup.py,.py,7191,_downloads\0168adb9f88a9a761e48690248f9a3e6\conda_channel_setup.py
shell_top_bottom.py,.py,1004,_downloads\15be623f080c51e250459a6082adc79f\shell_top_bottom.py
importv1.py,.py,2191,_downloads\198cd7662b266486fd076dcd05ce2f2f\importv1.py
BCGUI_tabs.py,.py,6927,_downloads\3db9ab37a64dcc07f5d09474ca4f5c4a\BCGUI_tabs.py
BCGUI_wizard.py,.py,2345,_downloads\4163cb4092bb120f9cb52f6652c242ff\BCGUI_wizard.py
BCGUI_listPids.py,.py,8267,_downloads\58190b1dbc4243ed4b21ca4e248688d0\BCGUI_listPids.py
PreOutput.py,.py,348,_downloads\58617fb3ff011f34f28ed71f37c65ea2\PreOutput.py
draw_mode.py,.py,626,_downloads\59f98bdc19a338e420e3989edc955a62\draw_mode.py
BCGUI_calcEquation.py,.py,3261,_downloads\5b63bad107724f236d0fbda76c45a0e1\BCGUI_calcEquation.py
TestPrePostOutputScript.py,.py,551,_downloads\85aa2d870f57bb4381223bfa43c176dc\TestPrePostOutputScript.py
CheckPropertyNames.py,.py,1611,_downloads\878570b66cb8e40a640407a5c2dfce7b\CheckPropertyNames.py
extendedProp.py,.py,844,_downloads\91a734debe9a4d8ca7ab90f97521f920\extendedProp.py
PostOutput.py,.py,254,_downloads\96f6476136782dff1381d0146aab2d7f\PostOutput.py
nodal_thickness.py,.py,729,_downloads\abc6e6e057170ec414825d98e4058016\nodal_thickness.py
CheckRBE3_HEXA_RBE3.py,.py,1062,_downloads\be382efc57c7b6cac9bc03e1c47ef7bf\CheckRBE3_HEXA_RBE3.py
Point.py,.py,1003,_downloads\d1c6997949c3f182f2df8efcb700a6c8\Point.py
CAD_Translate.py,.py,437,_downloads\d4941215ba0d89b4d3f9ade9c46edb19\CAD_Translate.py
BCGUI_calcSqrt.py,.py,1654,_downloads\d4abebcada4fe0ee4b1d1dff0b0b1534\BCGUI_calcSqrt.py
PostRealization_Example1.py,.py,1026,_downloads\d74c9cafabbc01f3065c7e9cd93a85cf\PostRealization_Example1.py
PostInput.py,.py,484,_downloads\dcf61e61f98977c8d359a24d4b4b7a71\PostInput.py
licensing_example.py,.py,5492,_downloads\e4bd43e62c11cc7f6b80304c007a8759\licensing_example.py
dbstorage.py,.py,1172,_downloads\ec6d5db0bc842407bc9d209c80e553af\dbstorage.py
PostRealization_Example2.py,.py,909,_downloads\ef8af55df6fc8fe8cab3c4e9c689a56a\PostRealization_Example2.py
BarInterface.py,.py,632,_downloads\f2427b884096fcf75a9893ba38342f42\BarInterface.py
DefineSpringID.py,.py,705,_downloads\fc1df627e9f96ac8d28f1e3509120972\DefineSpringID.py
ansa.json,.json,7158184,_downloads\autocomplete\vsc_json\ansa.json
guitk.json,.json,2,_downloads\autocomplete\vsc_json\guitk.json
komvos.json,.json,1023915,_downloads\autocomplete\vsc_json\komvos.json
meta.json,.json,6058848,_downloads\autocomplete\vsc_json\meta.json
annotations.py,.py,237642,_downloads\autocomplete\py_dev\pydev_meta\meta\annotations.py
base.py,.py,78746,_downloads\autocomplete\py_dev\pydev_meta\meta\base.py
betameta_structs.py,.py,140,_downloads\autocomplete\py_dev\pydev_meta\meta\betameta_structs.py
betascript.py,.py,9307,_downloads\autocomplete\py_dev\pydev_meta\meta\betascript.py
betavisibility.py,.py,569,_downloads\autocomplete\py_dev\pydev_meta\meta\betavisibility.py
calc.py,.py,22604,_downloads\autocomplete\py_dev\pydev_meta\meta\calc.py
collaboration.py,.py,3465,_downloads\autocomplete\py_dev\pydev_meta\meta\collaboration.py
constants.py,.py,23735,_downloads\autocomplete\py_dev\pydev_meta\meta\constants.py
dm.py,.py,176386,_downloads\autocomplete\py_dev\pydev_meta\meta\dm.py
em.py,.py,7533,_downloads\autocomplete\py_dev\pydev_meta\meta\em.py
groups.py,.py,334652,_downloads\autocomplete\py_dev\pydev_meta\meta\groups.py
guitk.py,.py,3255343,_downloads\autocomplete\py_dev\pydev_meta\meta\guitk.py
isofunctions.py,.py,73798,_downloads\autocomplete\py_dev\pydev_meta\meta\isofunctions.py
models.py,.py,327386,_downloads\autocomplete\py_dev\pydev_meta\meta\models.py
nodes.py,.py,231620,_downloads\autocomplete\py_dev\pydev_meta\meta\nodes.py
nvh.py,.py,101228,_downloads\autocomplete\py_dev\pydev_meta\meta\nvh.py
overlay.py,.py,35459,_downloads\autocomplete\py_dev\pydev_meta\meta\overlay.py
pages.py,.py,71075,_downloads\autocomplete\py_dev\pydev_meta\meta\pages.py
planes.py,.py,115968,_downloads\autocomplete\py_dev\pydev_meta\meta\planes.py
plot2d.py,.py,809667,_downloads\autocomplete\py_dev\pydev_meta\meta\plot2d.py
report.py,.py,426571,_downloads\autocomplete\py_dev\pydev_meta\meta\report.py
results.py,.py,527362,_downloads\autocomplete\py_dev\pydev_meta\meta\results.py
script.py,.py,170,_downloads\autocomplete\py_dev\pydev_meta\meta\script.py
sections.py,.py,33905,_downloads\autocomplete\py_dev\pydev_meta\meta\sections.py
session.py,.py,14025,_downloads\autocomplete\py_dev\pydev_meta\meta\session.py
spreadsheet.py,.py,80875,_downloads\autocomplete\py_dev\pydev_meta\meta\spreadsheet.py
tables.py,.py,1683,_downloads\autocomplete\py_dev\pydev_meta\meta\tables.py
tdk.py,.py,128026,_downloads\autocomplete\py_dev\pydev_meta\meta\tdk.py
toolbars.py,.py,34491,_downloads\autocomplete\py_dev\pydev_meta\meta\toolbars.py
utils.py,.py,145194,_downloads\autocomplete\py_dev\pydev_meta\meta\utils.py
visuals.py,.py,150245,_downloads\autocomplete\py_dev\pydev_meta\meta\visuals.py
vr.py,.py,11375,_downloads\autocomplete\py_dev\pydev_meta\meta\vr.py
windows.py,.py,279090,_downloads\autocomplete\py_dev\pydev_meta\meta\windows.py
__init__.py,.py,5645,_downloads\autocomplete\py_dev\pydev_meta\meta\__init__.py
constants.py,.py,2283,_downloads\autocomplete\py_dev\pydev_meta\meta\boundaries\constants.py
__init__.py,.py,202585,_downloads\autocomplete\py_dev\pydev_meta\meta\boundaries\__init__.py
constants.py,.py,11428,_downloads\autocomplete\py_dev\pydev_meta\meta\connections\constants.py
__init__.py,.py,188384,_downloads\autocomplete\py_dev\pydev_meta\meta\connections\__init__.py
constants.py,.py,2158,_downloads\autocomplete\py_dev\pydev_meta\meta\coordsystems\constants.py
__init__.py,.py,107188,_downloads\autocomplete\py_dev\pydev_meta\meta\coordsystems\__init__.py
constants.py,.py,3918,_downloads\autocomplete\py_dev\pydev_meta\meta\elements\constants.py
__init__.py,.py,403897,_downloads\autocomplete\py_dev\pydev_meta\meta\elements\__init__.py
constants.py,.py,1309,_downloads\autocomplete\py_dev\pydev_meta\meta\materials\constants.py
__init__.py,.py,220603,_downloads\autocomplete\py_dev\pydev_meta\meta\materials\__init__.py
constants.py,.py,2011,_downloads\autocomplete\py_dev\pydev_meta\meta\parts\constants.py
__init__.py,.py,355208,_downloads\autocomplete\py_dev\pydev_meta\meta\parts\__init__.py
process.py,.py,47110,_downloads\autocomplete\py_dev\pydev_meta\meta\spdrm\process.py
__init__.py,.py,8319,_downloads\autocomplete\py_dev\pydev_meta\meta\spdrm\__init__.py
process.cpython-311.pyc,.pyc,49498,_downloads\autocomplete\py_dev\pydev_meta\meta\spdrm\__pycache__\process.cpython-311.pyc
__init__.cpython-311.pyc,.pyc,9391,_downloads\autocomplete\py_dev\pydev_meta\meta\spdrm\__pycache__\__init__.cpython-311.pyc
constants.cpython-311.pyc,.pyc,1173,_downloads\autocomplete\py_dev\pydev_meta\meta\parts\__pycache__\constants.cpython-311.pyc
__init__.cpython-311.pyc,.pyc,371789,_downloads\autocomplete\py_dev\pydev_meta\meta\parts\__pycache__\__init__.cpython-311.pyc
constants.cpython-311.pyc,.pyc,858,_downloads\autocomplete\py_dev\pydev_meta\meta\materials\__pycache__\constants.cpython-311.pyc
__init__.cpython-311.pyc,.pyc,230506,_downloads\autocomplete\py_dev\pydev_meta\meta\materials\__pycache__\__init__.cpython-311.pyc
constants.cpython-311.pyc,.pyc,2440,_downloads\autocomplete\py_dev\pydev_meta\meta\elements\__pycache__\constants.cpython-311.pyc
__init__.cpython-311.pyc,.pyc,417890,_downloads\autocomplete\py_dev\pydev_meta\meta\elements\__pycache__\__init__.cpython-311.pyc
constants.cpython-311.pyc,.pyc,823,_downloads\autocomplete\py_dev\pydev_meta\meta\coordsystems\__pycache__\constants.cpython-311.pyc
__init__.cpython-311.pyc,.pyc,112972,_downloads\autocomplete\py_dev\pydev_meta\meta\coordsystems\__pycache__\__init__.cpython-311.pyc
constants.cpython-311.pyc,.pyc,7281,_downloads\autocomplete\py_dev\pydev_meta\meta\connections\__pycache__\constants.cpython-311.pyc
__init__.cpython-311.pyc,.pyc,191476,_downloads\autocomplete\py_dev\pydev_meta\meta\connections\__pycache__\__init__.cpython-311.pyc
constants.cpython-311.pyc,.pyc,1227,_downloads\autocomplete\py_dev\pydev_meta\meta\boundaries\__pycache__\constants.cpython-311.pyc
__init__.cpython-311.pyc,.pyc,210869,_downloads\autocomplete\py_dev\pydev_meta\meta\boundaries\__pycache__\__init__.cpython-311.pyc
analysis_tools.py,.py,20179,_downloads\autocomplete\py_dev\pydev_komvos\sdm\analysis_tools.py
base.py,.py,97246,_downloads\autocomplete\py_dev\pydev_komvos\sdm\base.py
betascript.py,.py,8115,_downloads\autocomplete\py_dev\pydev_komvos\sdm\betascript.py
cadtocae.py,.py,94583,_downloads\autocomplete\py_dev\pydev_komvos\sdm\cadtocae.py
constants.py,.py,8379,_downloads\autocomplete\py_dev\pydev_komvos\sdm\constants.py
dm.py,.py,355631,_downloads\autocomplete\py_dev\pydev_komvos\sdm\dm.py
guitk.py,.py,3250831,_downloads\autocomplete\py_dev\pydev_komvos\sdm\guitk.py
ml.py,.py,27566,_downloads\autocomplete\py_dev\pydev_komvos\sdm\ml.py
pdm.py,.py,9107,_downloads\autocomplete\py_dev\pydev_komvos\sdm\pdm.py
script.py,.py,169,_downloads\autocomplete\py_dev\pydev_komvos\sdm\script.py
sdm_base.py,.py,41501,_downloads\autocomplete\py_dev\pydev_komvos\sdm\sdm_base.py
session.py,.py,8765,_downloads\autocomplete\py_dev\pydev_komvos\sdm\session.py
utils.py,.py,135799,_downloads\autocomplete\py_dev\pydev_komvos\sdm\utils.py
__init__.py,.py,5365,_downloads\autocomplete\py_dev\pydev_komvos\sdm\__init__.py
fileChooser.py,.py,3880,_downloads\autocomplete\py_dev\pydev_komvos\sdm\spdrm\fileChooser.py
inputGetter.py,.py,775,_downloads\autocomplete\py_dev\pydev_komvos\sdm\spdrm\inputGetter.py
messageDisplayer.py,.py,479,_downloads\autocomplete\py_dev\pydev_komvos\sdm\spdrm\messageDisplayer.py
process.py,.py,50365,_downloads\autocomplete\py_dev\pydev_komvos\sdm\spdrm\process.py
question.py,.py,1363,_downloads\autocomplete\py_dev\pydev_komvos\sdm\spdrm\question.py
scriptCommands.py,.py,687,_downloads\autocomplete\py_dev\pydev_komvos\sdm\spdrm\scriptCommands.py
__init__.py,.py,8387,_downloads\autocomplete\py_dev\pydev_komvos\sdm\spdrm\__init__.py
fileChooser.cpython-311.pyc,.pyc,4640,_downloads\autocomplete\py_dev\pydev_komvos\sdm\spdrm\__pycache__\fileChooser.cpython-311.pyc
inputGetter.cpython-311.pyc,.pyc,1244,_downloads\autocomplete\py_dev\pydev_komvos\sdm\spdrm\__pycache__\inputGetter.cpython-311.pyc
messageDisplayer.cpython-311.pyc,.pyc,958,_downloads\autocomplete\py_dev\pydev_komvos\sdm\spdrm\__pycache__\messageDisplayer.cpython-311.pyc
process.cpython-311.pyc,.pyc,53092,_downloads\autocomplete\py_dev\pydev_komvos\sdm\spdrm\__pycache__\process.cpython-311.pyc
question.cpython-311.pyc,.pyc,1872,_downloads\autocomplete\py_dev\pydev_komvos\sdm\spdrm\__pycache__\question.cpython-311.pyc
scriptCommands.cpython-311.pyc,.pyc,1164,_downloads\autocomplete\py_dev\pydev_komvos\sdm\spdrm\__pycache__\scriptCommands.cpython-311.pyc
__init__.cpython-311.pyc,.pyc,9535,_downloads\autocomplete\py_dev\pydev_komvos\sdm\spdrm\__pycache__\__init__.cpython-311.pyc
analysis_tools.py,.py,95743,_downloads\autocomplete\py_dev\pydev_ansa\ansa\analysis_tools.py
batchmesh.py,.py,56111,_downloads\autocomplete\py_dev\pydev_ansa\ansa\batchmesh.py
betascript.py,.py,8133,_downloads\autocomplete\py_dev\pydev_ansa\ansa\betascript.py
cad.py,.py,8839,_downloads\autocomplete\py_dev\pydev_ansa\ansa\cad.py
calc.py,.py,46583,_downloads\autocomplete\py_dev\pydev_ansa\ansa\calc.py
connections.py,.py,128811,_downloads\autocomplete\py_dev\pydev_ansa\ansa\connections.py
constants.py,.py,15219,_downloads\autocomplete\py_dev\pydev_ansa\ansa\constants.py
dm.py,.py,290248,_downloads\autocomplete\py_dev\pydev_ansa\ansa\dm.py
fcm.py,.py,140,_downloads\autocomplete\py_dev\pydev_ansa\ansa\fcm.py
guitk.py,.py,3255343,_downloads\autocomplete\py_dev\pydev_ansa\ansa\guitk.py
kinetics.py,.py,153077,_downloads\autocomplete\py_dev\pydev_ansa\ansa\kinetics.py
mesh.py,.py,678496,_downloads\autocomplete\py_dev\pydev_ansa\ansa\mesh.py
morph.py,.py,774882,_downloads\autocomplete\py_dev\pydev_ansa\ansa\morph.py
report.py,.py,422448,_downloads\autocomplete\py_dev\pydev_ansa\ansa\report.py
script.py,.py,170,_downloads\autocomplete\py_dev\pydev_ansa\ansa\script.py
session.py,.py,22608,_downloads\autocomplete\py_dev\pydev_ansa\ansa\session.py
sph.py,.py,40146,_downloads\autocomplete\py_dev\pydev_ansa\ansa\sph.py
taskmanager.py,.py,44426,_downloads\autocomplete\py_dev\pydev_ansa\ansa\taskmanager.py
utils.py,.py,269134,_downloads\autocomplete\py_dev\pydev_ansa\ansa\utils.py
vr.py,.py,11121,_downloads\autocomplete\py_dev\pydev_ansa\ansa\vr.py
__init__.py,.py,5456,_downloads\autocomplete\py_dev\pydev_ansa\ansa\__init__.py
constants.py,.py,2172,_downloads\autocomplete\py_dev\pydev_ansa\ansa\base\constants.py
__init__.py,.py,3239302,_downloads\autocomplete\py_dev\pydev_ansa\ansa\base\__init__.py
process.py,.py,50453,_downloads\autocomplete\py_dev\pydev_ansa\ansa\spdrm\process.py
__init__.py,.py,8319,_downloads\autocomplete\py_dev\pydev_ansa\ansa\spdrm\__init__.py
process.cpython-311.pyc,.pyc,53179,_downloads\autocomplete\py_dev\pydev_ansa\ansa\spdrm\__pycache__\process.cpython-311.pyc
__init__.cpython-311.pyc,.pyc,9391,_downloads\autocomplete\py_dev\pydev_ansa\ansa\spdrm\__pycache__\__init__.cpython-311.pyc
general.py,.py,81495,_downloads\autocomplete\py_dev\pydev_ansa\ansa\base\checks\general.py
geometry.py,.py,4891,_downloads\autocomplete\py_dev\pydev_ansa\ansa\base\checks\geometry.py
mesh.py,.py,24737,_downloads\autocomplete\py_dev\pydev_ansa\ansa\base\checks\mesh.py
penetration.py,.py,7669,_downloads\autocomplete\py_dev\pydev_ansa\ansa\base\checks\penetration.py
__init__.py,.py,51,_downloads\autocomplete\py_dev\pydev_ansa\ansa\base\checks\__init__.py
constants.cpython-311.pyc,.pyc,1746,_downloads\autocomplete\py_dev\pydev_ansa\ansa\base\__pycache__\constants.cpython-311.pyc
__init__.cpython-311.pyc,.pyc,3334720,_downloads\autocomplete\py_dev\pydev_ansa\ansa\base\__pycache__\__init__.cpython-311.pyc
general.cpython-311.pyc,.pyc,90671,_downloads\autocomplete\py_dev\pydev_ansa\ansa\base\checks\__pycache__\general.cpython-311.pyc
geometry.cpython-311.pyc,.pyc,5884,_downloads\autocomplete\py_dev\pydev_ansa\ansa\base\checks\__pycache__\geometry.cpython-311.pyc
mesh.cpython-311.pyc,.pyc,27738,_downloads\autocomplete\py_dev\pydev_ansa\ansa\base\checks\__pycache__\mesh.cpython-311.pyc
penetration.cpython-311.pyc,.pyc,8669,_downloads\autocomplete\py_dev\pydev_ansa\ansa\base\checks\__pycache__\penetration.cpython-311.pyc
__init__.cpython-311.pyc,.pyc,324,_downloads\autocomplete\py_dev\pydev_ansa\ansa\base\checks\__pycache__\__init__.cpython-311.pyc
index.html,.html,15691,user_guide\api_ansa\index.html
intro_ansa.html,.html,510659,user_guide\api_ansa\intro_ansa.html
index.html,.html,13961,user_guide\api_guitk\index.html
intro_bcgui.html,.html,181471,user_guide\api_guitk\intro_bcgui.html
index.html,.html,14989,user_guide\api_meta\index.html
intro_meta.html,.html,207897,user_guide\api_meta\intro_meta.html
bin_comp.html,.html,13768,user_guide\c_sdk\bin_comp.html
c_code_link.html,.html,62215,user_guide\c_sdk\c_code_link.html
index.html,.html,15292,user_guide\c_sdk\index.html
kinetics_subroutines.html,.html,60516,user_guide\c_sdk\kinetics_subroutines.html
user_qual_criteria.html,.html,66983,user_guide\c_sdk\user_qual_criteria.html
index.html,.html,13989,user_guide\remote_control\index.html
listener_mode.html,.html,28150,user_guide\remote_control\listener_mode.html
meta_remote.html,.html,24832,user_guide\remote_control\meta_remote.html
ansa_api.html,.html,12460,reference\api_ref_ansa\ansa_api.html
sdm_api.html,.html,12457,reference\api_ref_komvos\sdm_api.html
meta_api.html,.html,12460,reference\api_ref_meta\meta_api.html
guitk.html,.html,12618722,reference\generated\guitk.html
meta.annotations.html,.html,751782,reference\api_ref_meta\generated\meta.annotations.html
meta.base.html,.html,295505,reference\api_ref_meta\generated\meta.base.html
meta.betascript.html,.html,55695,reference\api_ref_meta\generated\meta.betascript.html
meta.betavisibility.html,.html,27980,reference\api_ref_meta\generated\meta.betavisibility.html
meta.boundaries.constants.html,.html,41103,reference\api_ref_meta\generated\meta.boundaries.constants.html
meta.boundaries.html,.html,690044,reference\api_ref_meta\generated\meta.boundaries.html
meta.calc.html,.html,109582,reference\api_ref_meta\generated\meta.calc.html
meta.collaboration.html,.html,37504,reference\api_ref_meta\generated\meta.collaboration.html
meta.connections.constants.html,.html,120419,reference\api_ref_meta\generated\meta.connections.constants.html
meta.connections.html,.html,600144,reference\api_ref_meta\generated\meta.connections.html
meta.constants.html,.html,201445,reference\api_ref_meta\generated\meta.constants.html
meta.constants.results.html,.html,30602,reference\api_ref_meta\generated\meta.constants.results.html
meta.coordsystems.constants.html,.html,37625,reference\api_ref_meta\generated\meta.coordsystems.constants.html
meta.coordsystems.html,.html,415124,reference\api_ref_meta\generated\meta.coordsystems.html
meta.dm.html,.html,595384,reference\api_ref_meta\generated\meta.dm.html
meta.elements.constants.html,.html,58271,reference\api_ref_meta\generated\meta.elements.constants.html
meta.elements.html,.html,1373471,reference\api_ref_meta\generated\meta.elements.html
meta.em.html,.html,51374,reference\api_ref_meta\generated\meta.em.html
meta.groups.html,.html,1098853,reference\api_ref_meta\generated\meta.groups.html
meta.html,.html,54167,reference\api_ref_meta\generated\meta.html
meta.isofunctions.html,.html,263411,reference\api_ref_meta\generated\meta.isofunctions.html
meta.materials.constants.html,.html,34756,reference\api_ref_meta\generated\meta.materials.constants.html
meta.materials.html,.html,727638,reference\api_ref_meta\generated\meta.materials.html
meta.meta.html,.html,30856,reference\api_ref_meta\generated\meta.meta.html
meta.models.html,.html,1023042,reference\api_ref_meta\generated\meta.models.html
meta.nodes.html,.html,820331,reference\api_ref_meta\generated\meta.nodes.html
meta.nvh.html,.html,432392,reference\api_ref_meta\generated\meta.nvh.html
meta.overlay.html,.html,148151,reference\api_ref_meta\generated\meta.overlay.html
meta.pages.html,.html,245866,reference\api_ref_meta\generated\meta.pages.html
meta.parts.constants.html,.html,39923,reference\api_ref_meta\generated\meta.parts.constants.html
meta.parts.html,.html,1214991,reference\api_ref_meta\generated\meta.parts.html
meta.planes.html,.html,402907,reference\api_ref_meta\generated\meta.planes.html
meta.plot2d.html,.html,2602211,reference\api_ref_meta\generated\meta.plot2d.html
meta.report.html,.html,1576759,reference\api_ref_meta\generated\meta.report.html
meta.results.html,.html,1757361,reference\api_ref_meta\generated\meta.results.html
meta.sections.html,.html,147291,reference\api_ref_meta\generated\meta.sections.html
meta.session.html,.html,70858,reference\api_ref_meta\generated\meta.session.html
meta.spdrm.html,.html,51299,reference\api_ref_meta\generated\meta.spdrm.html
meta.spdrm.process.html,.html,208170,reference\api_ref_meta\generated\meta.spdrm.process.html
meta.spreadsheet.html,.html,306475,reference\api_ref_meta\generated\meta.spreadsheet.html
meta.tables.html,.html,32906,reference\api_ref_meta\generated\meta.tables.html
meta.tdk.html,.html,775942,reference\api_ref_meta\generated\meta.tdk.html
meta.toolbars.html,.html,155388,reference\api_ref_meta\generated\meta.toolbars.html
meta.utils.html,.html,524409,reference\api_ref_meta\generated\meta.utils.html
meta.visuals.html,.html,514080,reference\api_ref_meta\generated\meta.visuals.html
meta.vr.html,.html,62526,reference\api_ref_meta\generated\meta.vr.html
meta.windows.html,.html,885686,reference\api_ref_meta\generated\meta.windows.html
sdm.analysis_tools.html,.html,92759,reference\api_ref_komvos\generated\sdm.analysis_tools.html
sdm.base.html,.html,345430,reference\api_ref_komvos\generated\sdm.base.html
sdm.betascript.html,.html,44522,reference\api_ref_komvos\generated\sdm.betascript.html
sdm.cadtocae.html,.html,342945,reference\api_ref_komvos\generated\sdm.cadtocae.html
sdm.constants.html,.html,78015,reference\api_ref_komvos\generated\sdm.constants.html
sdm.dm.html,.html,1139728,reference\api_ref_komvos\generated\sdm.dm.html
sdm.html,.html,39107,reference\api_ref_komvos\generated\sdm.html
sdm.ml.html,.html,103743,reference\api_ref_komvos\generated\sdm.ml.html
sdm.mlopen.html,.html,12673,reference\api_ref_komvos\generated\sdm.mlopen.html
sdm.pdm.html,.html,43016,reference\api_ref_komvos\generated\sdm.pdm.html
sdm.sdm_base.html,.html,146291,reference\api_ref_komvos\generated\sdm.sdm_base.html
sdm.session.html,.html,48195,reference\api_ref_komvos\generated\sdm.session.html
sdm.spdrm.fileChooser.html,.html,31591,reference\api_ref_komvos\generated\sdm.spdrm.fileChooser.html
sdm.spdrm.html,.html,44263,reference\api_ref_komvos\generated\sdm.spdrm.html
sdm.spdrm.inputGetter.html,.html,20394,reference\api_ref_komvos\generated\sdm.spdrm.inputGetter.html
sdm.spdrm.messageDisplayer.html,.html,19669,reference\api_ref_komvos\generated\sdm.spdrm.messageDisplayer.html
sdm.spdrm.process.html,.html,210626,reference\api_ref_komvos\generated\sdm.spdrm.process.html
sdm.spdrm.question.html,.html,22417,reference\api_ref_komvos\generated\sdm.spdrm.question.html
sdm.spdrm.scriptCommands.html,.html,20350,reference\api_ref_komvos\generated\sdm.spdrm.scriptCommands.html
sdm.utils.html,.html,495006,reference\api_ref_komvos\generated\sdm.utils.html
ansa.analysis_tools.html,.html,404731,reference\api_ref_ansa\generated\ansa.analysis_tools.html
ansa.base.checks.general.html,.html,320216,reference\api_ref_ansa\generated\ansa.base.checks.general.html
ansa.base.checks.geometry.html,.html,39953,reference\api_ref_ansa\generated\ansa.base.checks.geometry.html
ansa.base.checks.html,.html,22076,reference\api_ref_ansa\generated\ansa.base.checks.html
ansa.base.checks.mesh.html,.html,109167,reference\api_ref_ansa\generated\ansa.base.checks.mesh.html
ansa.base.checks.penetration.html,.html,45131,reference\api_ref_ansa\generated\ansa.base.checks.penetration.html
ansa.base.constants.html,.html,36056,reference\api_ref_ansa\generated\ansa.base.constants.html
ansa.base.html,.html,11108151,reference\api_ref_ansa\generated\ansa.base.html
ansa.base.kinetics.html,.html,12719,reference\api_ref_ansa\generated\ansa.base.kinetics.html
ansa.batchmesh.html,.html,210461,reference\api_ref_ansa\generated\ansa.batchmesh.html
ansa.betascript.html,.html,47466,reference\api_ref_ansa\generated\ansa.betascript.html
ansa.cad.html,.html,50365,reference\api_ref_ansa\generated\ansa.cad.html
ansa.calc.html,.html,185985,reference\api_ref_ansa\generated\ansa.calc.html
ansa.connections.html,.html,449558,reference\api_ref_ansa\generated\ansa.connections.html
ansa.constants.html,.html,117116,reference\api_ref_ansa\generated\ansa.constants.html
ansa.dm.html,.html,918581,reference\api_ref_ansa\generated\ansa.dm.html
ansa.fcm.html,.html,20636,reference\api_ref_ansa\generated\ansa.fcm.html
ansa.html,.html,44133,reference\api_ref_ansa\generated\ansa.html
ansa.kinetics.html,.html,548068,reference\api_ref_ansa\generated\ansa.kinetics.html
ansa.mesh.html,.html,2540791,reference\api_ref_ansa\generated\ansa.mesh.html
ansa.morph.html,.html,3007469,reference\api_ref_ansa\generated\ansa.morph.html
ansa.report.html,.html,1557307,reference\api_ref_ansa\generated\ansa.report.html
ansa.session.html,.html,92523,reference\api_ref_ansa\generated\ansa.session.html
ansa.spdrm.html,.html,45715,reference\api_ref_ansa\generated\ansa.spdrm.html
ansa.spdrm.process.html,.html,213861,reference\api_ref_ansa\generated\ansa.spdrm.process.html
ansa.sph.html,.html,158818,reference\api_ref_ansa\generated\ansa.sph.html
ansa.taskmanager.html,.html,172055,reference\api_ref_ansa\generated\ansa.taskmanager.html
ansa.utils.html,.html,917997,reference\api_ref_ansa\generated\ansa.utils.html
ansa.vr.html,.html,56942,reference\api_ref_ansa\generated\ansa.vr.html
app_info.html,.html,18631,development\app_devel\app_info.html
compile.html,.html,17374,development\app_devel\compile.html
devel_license.html,.html,23183,development\app_devel\devel_license.html
index.html,.html,14358,development\app_devel\index.html
packager_installer.html,.html,50186,development\app_devel\packager_installer.html
plugin.html,.html,19967,development\app_devel\plugin.html
pydzipimport.html,.html,17809,development\app_devel\pydzipimport.html
atom.html,.html,15898,development\ide\atom.html
eclipse_pydev.html,.html,16930,development\ide\eclipse_pydev.html
index.html,.html,15335,development\ide\index.html
pycharm.html,.html,16811,development\ide\pycharm.html
sublime_text.html,.html,16978,development\ide\sublime_text.html
visual_studio.html,.html,27905,development\ide\visual_studio.html
